Categoria,Modelo,Cor,Armazenamento,Preco,Disponivel,ID,Parcelas,Valor Parcela
iPhone,iPhone 17 Pro Max,Prata,256GB,14999,SIM,17promax-silver,,
iPhone,iPhone 17 Pro Max,Prata,512GB,16499,SIM,17promax-silver,,
iPhone,iPhone 17 Pro Max,Prata,1TB,18999,SIM,17promax-silver,,
iPhone,iPhone 17 Pro Max,Prata,2TB,21999,SIM,17promax-silver,,
iPhone,iPhone 17 Pro Max,Azul Profundo,256GB,14999,SIM,17promax-deepblue,,
iPhone,iPhone 17 Pro Max,Azul Profundo,512GB,16499,SIM,17promax-deepblue,,
iPhone,iPhone 17 Pro Max,Azul Profundo,1TB,18999,NAO,17promax-deepblue,,
iPhone,iPhone 17 Pro Max,Azul Profundo,2TB,21999,NAO,17promax-deepblue,,
iPhone,iPhone 17 Pro Max,Laranja Cósmico,256GB,14999,SIM,17promax-cosmicorange,,
iPhone,iPhone 17 Pro Max,Laranja Cósmico,512GB,16499,SIM,17promax-cosmicorange,,
iPhone,iPhone 17 Pro Max,Laranja Cósmico,1TB,18999,SIM,17promax-cosmicorange,,
iPhone,iPhone 17 Pro Max,Laranja Cósmico,2TB,21999,NAO,17promax-cosmicorange,,
iPhone,iPhone 17 Pro,Prata,256GB,12499,SIM,17pro-silver,,
iPhone,iPhone 17 Pro,Prata,512GB,13999,SIM,17pro-silver,,
iPhone,iPhone 17 Pro,Prata,1TB,15999,SIM,17pro-silver,,
iPhone,iPhone 17 Pro,Azul Profundo,256GB,12499,SIM,17pro-deepblue,,
iPhone,iPhone 17 Pro,Azul Profundo,512GB,13999,SIM,17pro-deepblue,,
iPhone,iPhone 17 Pro,Azul Profundo,1TB,15999,SIM,17pro-deepblue,,
iPhone,iPhone 17 Pro,Laranja Cósmico,256GB,12499,SIM,17pro-cosmicorange,,
iPhone,iPhone 17 Pro,Laranja Cósmico,512GB,13999,SIM,17pro-cosmicorange,,
iPhone,iPhone 17 Pro,Laranja Cósmico,1TB,15999,NAO,17pro-cosmicorange,,
iPhone,iPhone 17,Preto,256GB,9999,SIM,17-black,,
iPhone,iPhone 17,Preto,512GB,11499,SIM,17-black,,
iPhone,iPhone 17,Branco,256GB,9999,SIM,17-white,,
iPhone,iPhone 17,Branco,512GB,11499,SIM,17-white,,
iPhone,iPhone 17,Lavanda,256GB,9999,SIM,17-lavender,,
iPhone,iPhone 17,Lavanda,512GB,11499,NAO,17-lavender,,
iPhone,iPhone 17,Sálvia,256GB,9999,SIM,17-sage,,
iPhone,iPhone 17,Sálvia,512GB,11499,SIM,17-sage,,
iPhone,iPhone 17,Azul Névoa,256GB,9999,SIM,17-mistblue,,
iPhone,iPhone 17,Azul Névoa,512GB,11499,SIM,17-mistblue,,
iPhone,iPhone 16 Pro Max,Titânio Deserto,256GB,12999,SIM,16promax-desert,,
iPhone,iPhone 16 Pro Max,Titânio Deserto,512GB,14499,SIM,16promax-desert,,
iPhone,iPhone 16 Pro Max,Titânio Deserto,1TB,16999,SIM,16promax-desert,,
iPhone,iPhone 16 Pro Max,Titânio Preto,256GB,12999,SIM,16promax-black,,
iPhone,iPhone 16 Pro Max,Titânio Preto,512GB,14499,SIM,16promax-black,,
iPhone,iPhone 16 Pro Max,Titânio Preto,1TB,16999,SIM,16promax-black,,
iPhone,iPhone 16 Pro Max,Titânio Branco,256GB,12999,SIM,16promax-white,,
iPhone,iPhone 16 Pro Max,Titânio Branco,512GB,14499,SIM,16promax-white,,
iPhone,iPhone 16 Pro Max,Titânio Branco,1TB,16999,SIM,16promax-white,,
iPhone,iPhone 16 Pro Max,Titânio Natural,256GB,12999,SIM,16promax-natural,,
iPhone,iPhone 16 Pro Max,Titânio Natural,512GB,14499,SIM,16promax-natural,,
iPhone,iPhone 16 Pro Max,Titânio Natural,1TB,16999,SIM,16promax-natural,,
iPhone,iPhone 16 Pro,Titânio Deserto,128GB,10499,SIM,16pro-desert,,
iPhone,iPhone 16 Pro,Titânio Deserto,256GB,11499,SIM,16pro-desert,,
iPhone,iPhone 16 Pro,Titânio Deserto,512GB,12999,SIM,16pro-desert,,
iPhone,iPhone 16 Pro,Titânio Deserto,1TB,14999,SIM,16pro-desert,,
iPhone,iPhone 16 Pro,Titânio Preto,128GB,10499,SIM,16pro-black,,
iPhone,iPhone 16 Pro,Titânio Preto,256GB,11499,SIM,16pro-black,,
iPhone,iPhone 16 Pro,Titânio Preto,512GB,12999,SIM,16pro-black,,
iPhone,iPhone 16 Pro,Titânio Preto,1TB,14999,NAO,16pro-black,,
iPhone,iPhone 16 Pro,Titânio Branco,128GB,10499,SIM,16pro-white,,
iPhone,iPhone 16 Pro,Titânio Branco,256GB,11499,SIM,16pro-white,,
iPhone,iPhone 16 Pro,Titânio Branco,512GB,12999,SIM,16pro-white,,
iPhone,iPhone 16 Pro,Titânio Branco,1TB,14999,SIM,16pro-white,,
iPhone,iPhone 16 Pro,Titânio Natural,128GB,10499,SIM,16pro-natural,,
iPhone,iPhone 16 Pro,Titânio Natural,256GB,11499,SIM,16pro-natural,,
iPhone,iPhone 16 Pro,Titânio Natural,512GB,12999,SIM,16pro-natural,,
iPhone,iPhone 16 Pro,Titânio Natural,1TB,14999,SIM,16pro-natural,,
iPhone,iPhone 16 Plus,Preto,128GB,8999,SIM,16plus-black,,
iPhone,iPhone 16 Plus,Preto,256GB,9999,SIM,16plus-black,,
iPhone,iPhone 16 Plus,Preto,512GB,11499,SIM,16plus-black,,
iPhone,iPhone 16 Plus,Ultramarino,128GB,8999,SIM,16plus-ultramarine,,
iPhone,iPhone 16 Plus,Ultramarino,256GB,9999,SIM,16plus-ultramarine,,
iPhone,iPhone 16 Plus,Ultramarino,512GB,11499,SIM,16plus-ultramarine,,
iPhone,iPhone 16 Plus,Azul-petróleo,128GB,8999,SIM,16plus-teal,,
iPhone,iPhone 16 Plus,Azul-petróleo,256GB,9999,SIM,16plus-teal,,
iPhone,iPhone 16 Plus,Azul-petróleo,512GB,11499,NAO,16plus-teal,,
iPhone,iPhone 16 Plus,Rosa,128GB,8999,SIM,16plus-pink,,
iPhone,iPhone 16 Plus,Rosa,256GB,9999,SIM,16plus-pink,,
iPhone,iPhone 16 Plus,Rosa,512GB,11499,SIM,16plus-pink,,
iPhone,iPhone 16 Plus,Branco,128GB,8999,SIM,16plus-white,,
iPhone,iPhone 16 Plus,Branco,256GB,9999,SIM,16plus-white,,
iPhone,iPhone 16 Plus,Branco,512GB,11499,SIM,16plus-white,,
iPhone,iPhone 16,Preto,128GB,7499,SIM,16-black,,
iPhone,iPhone 16,Preto,256GB,8499,SIM,16-black,,
iPhone,iPhone 16,Preto,512GB,9999,SIM,16-black,,
iPhone,iPhone 16,Ultramarino,128GB,7499,SIM,16-ultramarine,,
iPhone,iPhone 16,Ultramarino,256GB,8499,SIM,16-ultramarine,,
iPhone,iPhone 16,Ultramarino,512GB,9999,SIM,16-ultramarine,,
iPhone,iPhone 16,Azul-petróleo,128GB,7499,SIM,16-teal,,
iPhone,iPhone 16,Azul-petróleo,256GB,8499,SIM,16-teal,,
iPhone,iPhone 16,Azul-petróleo,512GB,9999,NAO,16-teal,,
iPhone,iPhone 16,Rosa,128GB,7499,SIM,16-pink,,
iPhone,iPhone 16,Rosa,256GB,8499,SIM,16-pink,,
iPhone,iPhone 16,Rosa,512GB,9999,SIM,16-pink,,
iPhone,iPhone 16,Branco,128GB,7499,SIM,16-white,,
iPhone,iPhone 16,Branco,256GB,8499,SIM,16-white,,
iPhone,iPhone 16,Branco,512GB,9999,SIM,16-white,,
iPhone,iPhone 15 Pro Max,Titânio Preto,256GB,9499,SIM,15promax-blacktitanium,,
iPhone,iPhone 15 Pro Max,Titânio Preto,512GB,10999,SIM,15promax-blacktitanium,,
iPhone,iPhone 15 Pro Max,Titânio Preto,1TB,12499,SIM,15promax-blacktitanium,,
iPhone,iPhone 15 Pro Max,Titânio Branco,256GB,9499,SIM,15promax-whitetitanium,,
iPhone,iPhone 15 Pro Max,Titânio Branco,512GB,10999,SIM,15promax-whitetitanium,,
iPhone,iPhone 15 Pro Max,Titânio Branco,1TB,12499,SIM,15promax-whitetitanium,,
iPhone,iPhone 15 Pro Max,Titânio Azul,256GB,9499,SIM,15promax-bluetitanium,,
iPhone,iPhone 15 Pro Max,Titânio Azul,512GB,10999,NAO,15promax-bluetitanium,,
iPhone,iPhone 15 Pro Max,Titânio Azul,1TB,12499,NAO,15promax-bluetitanium,,
iPhone,iPhone 15 Pro Max,Titânio Natural,256GB,9499,SIM,15promax-naturaltitanium,,
iPhone,iPhone 15 Pro Max,Titânio Natural,512GB,10999,SIM,15promax-naturaltitanium,,
iPhone,iPhone 15 Pro Max,Titânio Natural,1TB,12499,SIM,15promax-naturaltitanium,,
iPhone,iPhone 15 Pro,Titânio Preto,128GB,7499,SIM,15pro-blacktitanium,,
iPhone,iPhone 15 Pro,Titânio Preto,256GB,8499,SIM,15pro-blacktitanium,,
iPhone,iPhone 15 Pro,Titânio Preto,512GB,9999,SIM,15pro-blacktitanium,,
iPhone,iPhone 15 Pro,Titânio Preto,1TB,11499,SIM,15pro-blacktitanium,,
iPhone,iPhone 15 Pro,Titânio Branco,128GB,7499,SIM,15pro-whitetitanium,,
iPhone,iPhone 15 Pro,Titânio Branco,256GB,8499,SIM,15pro-whitetitanium,,
iPhone,iPhone 15 Pro,Titânio Branco,512GB,9999,SIM,15pro-whitetitanium,,
iPhone,iPhone 15 Pro,Titânio Branco,1TB,11499,SIM,15pro-whitetitanium,,
iPhone,iPhone 15 Pro,Titânio Azul,128GB,7499,SIM,15pro-bluetitanium,,
iPhone,iPhone 15 Pro,Titânio Azul,256GB,8499,SIM,15pro-bluetitanium,,
iPhone,iPhone 15 Pro,Titânio Azul,512GB,9999,NAO,15pro-bluetitanium,,
iPhone,iPhone 15 Pro,Titânio Azul,1TB,11499,NAO,15pro-bluetitanium,,
iPhone,iPhone 15 Pro,Titânio Natural,128GB,7499,SIM,15pro-naturaltitanium,,
iPhone,iPhone 15 Pro,Titânio Natural,256GB,8499,SIM,15pro-naturaltitanium,,
iPhone,iPhone 15 Pro,Titânio Natural,512GB,9999,SIM,15pro-naturaltitanium,,
iPhone,iPhone 15 Pro,Titânio Natural,1TB,11499,SIM,15pro-naturaltitanium,,
iPhone,iPhone 15,Preto,128GB,4999,SIM,15-black,,
iPhone,iPhone 15,Preto,256GB,5999,SIM,15-black,,
iPhone,iPhone 15,Preto,512GB,7499,SIM,15-black,,
iPhone,iPhone 15,Azul,128GB,4999,SIM,15-blue,,
iPhone,iPhone 15,Azul,256GB,5999,SIM,15-blue,,
iPhone,iPhone 15,Azul,512GB,7499,SIM,15-blue,,
iPhone,iPhone 15,Verde,128GB,4999,SIM,15-green,,
iPhone,iPhone 15,Verde,256GB,5999,NAO,15-green,,
iPhone,iPhone 15,Verde,512GB,7499,NAO,15-green,,
iPhone,iPhone 15,Amarelo,128GB,4999,SIM,15-yellow,,
iPhone,iPhone 15,Amarelo,256GB,5999,SIM,15-yellow,,
iPhone,iPhone 15,Amarelo,512GB,7499,SIM,15-yellow,,
iPhone,iPhone 15,Rosa,128GB,4999,SIM,15-pink,,
iPhone,iPhone 15,Rosa,256GB,5999,SIM,15-pink,,
iPhone,iPhone 15,Rosa,512GB,7499,SIM,15-pink,,
iPhone,iPhone 14 Pro Max,Roxo Profundo,128GB,5999,SIM,14promax-deeppurple,,
iPhone,iPhone 14 Pro Max,Roxo Profundo,256GB,6999,SIM,14promax-deeppurple,,
iPhone,iPhone 14 Pro Max,Roxo Profundo,512GB,8499,SIM,14promax-deeppurple,,
iPhone,iPhone 14 Pro Max,Roxo Profundo,1TB,9999,SIM,14promax-deeppurple,,
iPhone,iPhone 14 Pro Max,Dourado,128GB,5999,SIM,14promax-gold,,
iPhone,iPhone 14 Pro Max,Dourado,256GB,6999,SIM,14promax-gold,,
iPhone,iPhone 14 Pro Max,Dourado,512GB,8499,NAO,14promax-gold,,
iPhone,iPhone 14 Pro Max,Dourado,1TB,9999,NAO,14promax-gold,,
iPhone,iPhone 14 Pro Max,Prata,128GB,5999,SIM,14promax-silver,,
iPhone,iPhone 14 Pro Max,Prata,256GB,6999,SIM,14promax-silver,,
iPhone,iPhone 14 Pro Max,Prata,512GB,8499,SIM,14promax-silver,,
iPhone,iPhone 14 Pro Max,Prata,1TB,9999,SIM,14promax-silver,,
iPhone,iPhone 14 Pro Max,Preto Espacial,128GB,5999,SIM,14promax-spaceblack,,
iPhone,iPhone 14 Pro Max,Preto Espacial,256GB,6999,SIM,14promax-spaceblack,,
iPhone,iPhone 14 Pro Max,Preto Espacial,512GB,8499,SIM,14promax-spaceblack,,
iPhone,iPhone 14 Pro Max,Preto Espacial,1TB,9999,NAO,14promax-spaceblack,,
iPhone,iPhone 14 Pro,Roxo Profundo,128GB,4999,SIM,14pro-deeppurple,,
iPhone,iPhone 14 Pro,Roxo Profundo,256GB,5799,SIM,14pro-deeppurple,,
iPhone,iPhone 14 Pro,Roxo Profundo,512GB,7299,SIM,14pro-deeppurple,,
iPhone,iPhone 14 Pro,Roxo Profundo,1TB,8799,SIM,14pro-deeppurple,,
iPhone,iPhone 14 Pro,Dourado,128GB,4999,SIM,14pro-gold,,
iPhone,iPhone 14 Pro,Dourado,256GB,5799,SIM,14pro-gold,,
iPhone,iPhone 14 Pro,Dourado,512GB,7299,NAO,14pro-gold,,
iPhone,iPhone 14 Pro,Dourado,1TB,8799,NAO,14pro-gold,,
iPhone,iPhone 14 Pro,Prata,128GB,4999,SIM,14pro-silver,,
iPhone,iPhone 14 Pro,Prata,256GB,5799,SIM,14pro-silver,,
iPhone,iPhone 14 Pro,Prata,512GB,7299,SIM,14pro-silver,,
iPhone,iPhone 14 Pro,Prata,1TB,8799,SIM,14pro-silver,,
iPhone,iPhone 14 Pro,Preto Espacial,128GB,4999,SIM,14pro-spaceblack,,
iPhone,iPhone 14 Pro,Preto Espacial,256GB,5799,SIM,14pro-spaceblack,,
iPhone,iPhone 14 Pro,Preto Espacial,512GB,7299,SIM,14pro-spaceblack,,
iPhone,iPhone 14 Pro,Preto Espacial,1TB,8799,NAO,14pro-spaceblack,,
iPhone,iPhone 14,Meia-noite,128GB,3299,SIM,14-midnight,,
iPhone,iPhone 14,Meia-noite,256GB,3999,SIM,14-midnight,,
iPhone,iPhone 14,Meia-noite,512GB,4999,SIM,14-midnight,,
iPhone,iPhone 14,Luz das Estrelas,128GB,3299,SIM,14-starlight,,
iPhone,iPhone 14,Luz das Estrelas,256GB,3999,SIM,14-starlight,,
iPhone,iPhone 14,Luz das Estrelas,512GB,4999,NAO,14-starlight,,
iPhone,iPhone 14,Azul,128GB,3299,SIM,14-blue,,
iPhone,iPhone 14,Azul,256GB,3999,SIM,14-blue,,
iPhone,iPhone 14,Azul,512GB,4999,SIM,14-blue,,
iPhone,iPhone 14,Roxo,128GB,3299,SIM,14-purple,,
iPhone,iPhone 14,Roxo,256GB,3999,NAO,14-purple,,
iPhone,iPhone 14,Roxo,512GB,4999,NAO,14-purple,,
iPhone,iPhone 14,Amarelo,128GB,3299,SIM,14-yellow,,
iPhone,iPhone 14,Amarelo,256GB,3999,SIM,14-yellow,,
iPhone,iPhone 14,Amarelo,512GB,4999,SIM,14-yellow,,
iPhone,iPhone 13,Meia-noite,128GB,2799,SIM,13-midnight,,
iPhone,iPhone 13,Meia-noite,256GB,3299,SIM,13-midnight,,
iPhone,iPhone 13,Meia-noite,512GB,4299,SIM,13-midnight,,
iPhone,iPhone 13,Luz das Estrelas,128GB,2799,SIM,13-starlight,,
iPhone,iPhone 13,Luz das Estrelas,256GB,3299,SIM,13-starlight,,
iPhone,iPhone 13,Luz das Estrelas,512GB,4299,NAO,13-starlight,,
iPhone,iPhone 13,Azul,128GB,2799,SIM,13-blue,,
iPhone,iPhone 13,Azul,256GB,3299,SIM,13-blue,,
iPhone,iPhone 13,Azul,512GB,4299,SIM,13-blue,,
iPhone,iPhone 13,Rosa,128GB,2799,SIM,13-pink,,
iPhone,iPhone 13,Rosa,256GB,3299,NAO,13-pink,,
iPhone,iPhone 13,Rosa,512GB,4299,NAO,13-pink,,
iPhone,iPhone 13,Verde,128GB,2799,SIM,13-green,,
iPhone,iPhone 13,Verde,256GB,3299,NAO,13-green,,
iPhone,iPhone 13,Verde,512GB,4299,NAO,13-green,,
iPad,iPad 10,Azul,64GB,3499,SIM,ipad10-azul,,
iPad,iPad 10,Azul,256GB,4299,SIM,ipad10-azul,,
iPad,iPad 10,Rosa,64GB,3499,SIM,ipad10-rosa,,
iPad,iPad 10,Rosa,256GB,4299,SIM,ipad10-rosa,,
iPad,iPad 10,Prateado,64GB,3499,SIM,ipad10-prateado,,
iPad,iPad 10,Prateado,256GB,4299,SIM,ipad10-prateado,,
iPad,iPad 10,Amarelo,64GB,3499,SIM,ipad10-amarelo,,
iPad,iPad 10,Amarelo,256GB,4299,SIM,ipad10-amarelo,,
iPad,iPad 11 A16,Azul,128GB,4999,SIM,ipad11-azul,,
iPad,iPad 11 A16,Azul,256GB,5999,SIM,ipad11-azul,,
iPad,iPad 11 A16,Azul,512GB,7499,SIM,ipad11-azul,,
iPad,iPad 11 A16,Rosa,128GB,4999,SIM,ipad11-rosa,,
iPad,iPad 11 A16,Rosa,256GB,5999,SIM,ipad11-rosa,,
iPad,iPad 11 A16,Rosa,512GB,7499,SIM,ipad11-rosa,,
iPad,iPad 11 A16,Prateado,128GB,4999,SIM,ipad11-prateado,,
iPad,iPad 11 A16,Prateado,256GB,5999,SIM,ipad11-prateado,,
iPad,iPad 11 A16,Prateado,512GB,7499,SIM,ipad11-prateado,,
iPad,iPad 11 A16,Amarelo,128GB,4999,SIM,ipad11-amarelo,,
iPad,iPad 11 A16,Amarelo,256GB,5999,SIM,ipad11-amarelo,,
iPad,iPad 11 A16,Amarelo,512GB,7499,SIM,ipad11-amarelo,,
iPad,"iPad Air M3 11""",Azul,128GB,6499,SIM,ipad-air-m3-11-azul,,
iPad,"iPad Air M3 11""",Azul,256GB,7499,SIM,ipad-air-m3-11-azul,,
iPad,"iPad Air M3 11""",Azul,512GB,9499,SIM,ipad-air-m3-11-azul,,
iPad,"iPad Air M3 11""",Azul,1TB,11999,SIM,ipad-air-m3-11-azul,,
iPad,"iPad Air M3 11""",Roxo,128GB,6499,SIM,ipad-air-m3-11-roxo,,
iPad,"iPad Air M3 11""",Roxo,256GB,7499,SIM,ipad-air-m3-11-roxo,,
iPad,"iPad Air M3 11""",Roxo,512GB,9499,SIM,ipad-air-m3-11-roxo,,
iPad,"iPad Air M3 11""",Roxo,1TB,11999,SIM,ipad-air-m3-11-roxo,,
iPad,"iPad Air M3 11""",Starlight,128GB,6499,SIM,ipad-air-m3-11-starlight,,
iPad,"iPad Air M3 11""",Starlight,256GB,7499,SIM,ipad-air-m3-11-starlight,,
iPad,"iPad Air M3 11""",Starlight,512GB,9499,SIM,ipad-air-m3-11-starlight,,
iPad,"iPad Air M3 11""",Starlight,1TB,11999,SIM,ipad-air-m3-11-starlight,,
iPad,"iPad Air M3 11""",Cinza Espacial,128GB,6499,SIM,ipad-air-m3-11-cinza-espacial,,
iPad,"iPad Air M3 11""",Cinza Espacial,256GB,7499,SIM,ipad-air-m3-11-cinza-espacial,,
iPad,"iPad Air M3 11""",Cinza Espacial,512GB,9499,SIM,ipad-air-m3-11-cinza-espacial,,
iPad,"iPad Air M3 11""",Cinza Espacial,1TB,11999,SIM,ipad-air-m3-11-cinza-espacial,,
iPad,"iPad Air M3 13""",Azul,128GB,8499,SIM,ipad-air-m3-13-azul,,
iPad,"iPad Air M3 13""",Azul,256GB,9499,SIM,ipad-air-m3-13-azul,,
iPad,"iPad Air M3 13""",Azul,512GB,11499,SIM,ipad-air-m3-13-azul,,
iPad,"iPad Air M3 13""",Azul,1TB,13999,SIM,ipad-air-m3-13-azul,,
iPad,"iPad Air M3 13""",Roxo,128GB,8499,SIM,ipad-air-m3-13-roxo,,
iPad,"iPad Air M3 13""",Roxo,256GB,9499,SIM,ipad-air-m3-13-roxo,,
iPad,"iPad Air M3 13""",Roxo,512GB,11499,SIM,ipad-air-m3-13-roxo,,
iPad,"iPad Air M3 13""",Roxo,1TB,13999,SIM,ipad-air-m3-13-roxo,,
iPad,"iPad Air M3 13""",Starlight,128GB,8499,SIM,ipad-air-m3-13-starlight,,
iPad,"iPad Air M3 13""",Starlight,256GB,9499,SIM,ipad-air-m3-13-starlight,,
iPad,"iPad Air M3 13""",Starlight,512GB,11499,SIM,ipad-air-m3-13-starlight,,
iPad,"iPad Air M3 13""",Starlight,1TB,13999,SIM,ipad-air-m3-13-starlight,,
iPad,"iPad Air M3 13""",Cinza Espacial,128GB,8499,SIM,ipad-air-m3-13-cinza-espacial,,
iPad,"iPad Air M3 13""",Cinza Espacial,256GB,9499,SIM,ipad-air-m3-13-cinza-espacial,,
iPad,"iPad Air M3 13""",Cinza Espacial,512GB,11499,SIM,ipad-air-m3-13-cinza-espacial,,
iPad,"iPad Air M3 13""",Cinza Espacial,1TB,13999,SIM,ipad-air-m3-13-cinza-espacial,,
iPad,"iPad Air M4 11""",Azul,128GB,7499,SIM,ipad-air-m4-11-azul,,
iPad,"iPad Air M4 11""",Azul,256GB,8499,SIM,ipad-air-m4-11-azul,,
iPad,"iPad Air M4 11""",Azul,512GB,10499,SIM,ipad-air-m4-11-azul,,
iPad,"iPad Air M4 11""",Azul,1TB,12999,SIM,ipad-air-m4-11-azul,,
iPad,"iPad Air M4 11""",Roxo,128GB,7499,SIM,ipad-air-m4-11-roxo,,
iPad,"iPad Air M4 11""",Roxo,256GB,8499,SIM,ipad-air-m4-11-roxo,,
iPad,"iPad Air M4 11""",Roxo,512GB,10499,SIM,ipad-air-m4-11-roxo,,
iPad,"iPad Air M4 11""",Roxo,1TB,12999,SIM,ipad-air-m4-11-roxo,,
iPad,"iPad Air M4 11""",Starlight,128GB,7499,SIM,ipad-air-m4-11-starlight,,
iPad,"iPad Air M4 11""",Starlight,256GB,8499,SIM,ipad-air-m4-11-starlight,,
iPad,"iPad Air M4 11""",Starlight,512GB,10499,SIM,ipad-air-m4-11-starlight,,
iPad,"iPad Air M4 11""",Starlight,1TB,12999,SIM,ipad-air-m4-11-starlight,,
iPad,"iPad Air M4 11""",Cinza Espacial,128GB,7499,SIM,ipad-air-m4-11-cinza-espacial,,
iPad,"iPad Air M4 11""",Cinza Espacial,256GB,8499,SIM,ipad-air-m4-11-cinza-espacial,,
iPad,"iPad Air M4 11""",Cinza Espacial,512GB,10499,SIM,ipad-air-m4-11-cinza-espacial,,
iPad,"iPad Air M4 11""",Cinza Espacial,1TB,12999,SIM,ipad-air-m4-11-cinza-espacial,,
iPad,"iPad Air M4 13""",Azul,128GB,9499,SIM,ipad-air-m4-13-azul,,
iPad,"iPad Air M4 13""",Azul,256GB,10499,SIM,ipad-air-m4-13-azul,,
iPad,"iPad Air M4 13""",Azul,512GB,12499,SIM,ipad-air-m4-13-azul,,
iPad,"iPad Air M4 13""",Azul,1TB,14999,SIM,ipad-air-m4-13-azul,,
iPad,"iPad Air M4 13""",Roxo,128GB,9499,SIM,ipad-air-m4-13-roxo,,
iPad,"iPad Air M4 13""",Roxo,256GB,10499,SIM,ipad-air-m4-13-roxo,,
iPad,"iPad Air M4 13""",Roxo,512GB,12499,SIM,ipad-air-m4-13-roxo,,
iPad,"iPad Air M4 13""",Roxo,1TB,14999,SIM,ipad-air-m4-13-roxo,,
iPad,"iPad Air M4 13""",Starlight,128GB,9499,SIM,ipad-air-m4-13-starlight,,
iPad,"iPad Air M4 13""",Starlight,256GB,10499,SIM,ipad-air-m4-13-starlight,,
iPad,"iPad Air M4 13""",Starlight,512GB,12499,SIM,ipad-air-m4-13-starlight,,
iPad,"iPad Air M4 13""",Starlight,1TB,14999,SIM,ipad-air-m4-13-starlight,,
iPad,"iPad Air M4 13""",Cinza Espacial,128GB,9499,SIM,ipad-air-m4-13-cinza-espacial,,
iPad,"iPad Air M4 13""",Cinza Espacial,256GB,10499,SIM,ipad-air-m4-13-cinza-espacial,,
iPad,"iPad Air M4 13""",Cinza Espacial,512GB,12499,SIM,ipad-air-m4-13-cinza-espacial,,
iPad,"iPad Air M4 13""",Cinza Espacial,1TB,14999,SIM,ipad-air-m4-13-cinza-espacial,,
iPad,iPad mini A17 Pro,Azul,128GB,5999,SIM,ipad-mini-a17-azul,,
iPad,iPad mini A17 Pro,Azul,256GB,6999,SIM,ipad-mini-a17-azul,,
iPad,iPad mini A17 Pro,Azul,512GB,8499,SIM,ipad-mini-a17-azul,,
iPad,iPad mini A17 Pro,Roxo,128GB,5999,SIM,ipad-mini-a17-roxo,,
iPad,iPad mini A17 Pro,Roxo,256GB,6999,SIM,ipad-mini-a17-roxo,,
iPad,iPad mini A17 Pro,Roxo,512GB,8499,SIM,ipad-mini-a17-roxo,,
iPad,iPad mini A17 Pro,Starlight,128GB,5999,SIM,ipad-mini-a17-starlight,,
iPad,iPad mini A17 Pro,Starlight,256GB,6999,SIM,ipad-mini-a17-starlight,,
iPad,iPad mini A17 Pro,Starlight,512GB,8499,SIM,ipad-mini-a17-starlight,,
iPad,iPad mini A17 Pro,Cinza Espacial,128GB,5999,SIM,ipad-mini-a17-cinza-espacial,,
iPad,iPad mini A17 Pro,Cinza Espacial,256GB,6999,SIM,ipad-mini-a17-cinza-espacial,,
iPad,iPad mini A17 Pro,Cinza Espacial,512GB,8499,SIM,ipad-mini-a17-cinza-espacial,,
iPad,"iPad Pro M4 11""",Preto Espacial,256GB,9999,SIM,ipad-pro-m4-11-preto-espacial,,
iPad,"iPad Pro M4 11""",Preto Espacial,512GB,11999,SIM,ipad-pro-m4-11-preto-espacial,,
iPad,"iPad Pro M4 11""",Preto Espacial,1TB,14999,SIM,ipad-pro-m4-11-preto-espacial,,
iPad,"iPad Pro M4 11""",Preto Espacial,2TB,18999,SIM,ipad-pro-m4-11-preto-espacial,,
iPad,"iPad Pro M4 11""",Prateado,256GB,9999,SIM,ipad-pro-m4-11-prateado,,
iPad,"iPad Pro M4 11""",Prateado,512GB,11999,SIM,ipad-pro-m4-11-prateado,,
iPad,"iPad Pro M4 11""",Prateado,1TB,14999,SIM,ipad-pro-m4-11-prateado,,
iPad,"iPad Pro M4 11""",Prateado,2TB,18999,SIM,ipad-pro-m4-11-prateado,,
iPad,"iPad Pro M4 13""",Preto Espacial,256GB,12999,SIM,ipad-pro-m4-13-preto-espacial,,
iPad,"iPad Pro M4 13""",Preto Espacial,512GB,14999,SIM,ipad-pro-m4-13-preto-espacial,,
iPad,"iPad Pro M4 13""",Preto Espacial,1TB,17999,SIM,ipad-pro-m4-13-preto-espacial,,
iPad,"iPad Pro M4 13""",Preto Espacial,2TB,21999,SIM,ipad-pro-m4-13-preto-espacial,,
iPad,"iPad Pro M4 13""",Prateado,256GB,12999,SIM,ipad-pro-m4-13-prateado,,
iPad,"iPad Pro M4 13""",Prateado,512GB,14999,SIM,ipad-pro-m4-13-prateado,,
iPad,"iPad Pro M4 13""",Prateado,1TB,17999,SIM,ipad-pro-m4-13-prateado,,
iPad,"iPad Pro M4 13""",Prateado,2TB,21999,SIM,ipad-pro-m4-13-prateado,,
iPad,"iPad Pro M5 11""",Preto Espacial,256GB,10999,SIM,ipad-pro-m5-11-preto-espacial,,
iPad,"iPad Pro M5 11""",Preto Espacial,512GB,12999,SIM,ipad-pro-m5-11-preto-espacial,,
iPad,"iPad Pro M5 11""",Preto Espacial,1TB,15999,SIM,ipad-pro-m5-11-preto-espacial,,
iPad,"iPad Pro M5 11""",Preto Espacial,2TB,19999,SIM,ipad-pro-m5-11-preto-espacial,,
iPad,"iPad Pro M5 11""",Prateado,256GB,10999,SIM,ipad-pro-m5-11-prateado,,
iPad,"iPad Pro M5 11""",Prateado,512GB,12999,SIM,ipad-pro-m5-11-prateado,,
iPad,"iPad Pro M5 11""",Prateado,1TB,15999,SIM,ipad-pro-m5-11-prateado,,
iPad,"iPad Pro M5 11""",Prateado,2TB,19999,SIM,ipad-pro-m5-11-prateado,,
iPad,"iPad Pro M5 13""",Preto Espacial,256GB,13999,SIM,ipad-pro-m5-13-preto-espacial,,
iPad,"iPad Pro M5 13""",Preto Espacial,512GB,15999,SIM,ipad-pro-m5-13-preto-espacial,,
iPad,"iPad Pro M5 13""",Preto Espacial,1TB,18999,SIM,ipad-pro-m5-13-preto-espacial,,
iPad,"iPad Pro M5 13""",Preto Espacial,2TB,22999,SIM,ipad-pro-m5-13-preto-espacial,,
iPad,"iPad Pro M5 13""",Prateado,256GB,13999,SIM,ipad-pro-m5-13-prateado,,
iPad,"iPad Pro M5 13""",Prateado,512GB,15999,SIM,ipad-pro-m5-13-prateado,,
iPad,"iPad Pro M5 13""",Prateado,1TB,18999,SIM,ipad-pro-m5-13-prateado,,
iPad,"iPad Pro M5 13""",Prateado,2TB,22999,SIM,ipad-pro-m5-13-prateado,,
Apple Watch,Apple Watch SE 2ª 40mm,Meia-Noite,GPS,1490,SIM,watch-se2-meianoite-40,,
Apple Watch,Apple Watch SE 2ª 44mm,Meia-Noite,GPS,1590,SIM,watch-se2-meianoite-44,,
Apple Watch,Apple Watch SE 2ª 40mm,Starlight,GPS,1490,SIM,watch-se2-starlight-40,,
Apple Watch,Apple Watch SE 2ª 44mm,Starlight,GPS,1590,SIM,watch-se2-starlight-44,,
Apple Watch,Apple Watch SE 2ª 40mm,Prata,GPS,1490,SIM,watch-se2-prata-40,,
Apple Watch,Apple Watch SE 2ª 44mm,Prata,GPS,1590,SIM,watch-se2-prata-44,,
Apple Watch,Apple Watch SE 3ª 40mm,Meia-Noite,GPS,1790,SIM,watch-se3-meianoite-40,,
Apple Watch,Apple Watch SE 3ª 44mm,Meia-Noite,GPS,1990,SIM,watch-se3-meianoite-44,,
Apple Watch,Apple Watch SE 3ª 40mm,Starlight,GPS,1790,SIM,watch-se3-starlight-40,,
Apple Watch,Apple Watch SE 3ª 44mm,Starlight,GPS,1990,SIM,watch-se3-starlight-44,,
Apple Watch,Apple Watch S10 42mm,Preto Jacto,GPS,2290,SIM,watch-s10-preto-jacto-42,,
Apple Watch,Apple Watch S10 46mm,Preto Jacto,GPS,2490,SIM,watch-s10-preto-jacto-46,,
Apple Watch,Apple Watch S10 42mm,Ouro Rosa,GPS,2290,SIM,watch-s10-ouro-rosa-42,,
Apple Watch,Apple Watch S10 46mm,Ouro Rosa,GPS,2490,SIM,watch-s10-ouro-rosa-46,,
Apple Watch,Apple Watch S10 42mm,Prata,GPS,2290,SIM,watch-s10-prata-42,,
Apple Watch,Apple Watch S10 46mm,Prata,GPS,2490,SIM,watch-s10-prata-46,,
Apple Watch,Apple Watch S11 42mm,Preto Jacto,GPS,2449,SIM,watch-s11-preto-jacto-42,,
Apple Watch,Apple Watch S11 46mm,Preto Jacto,GPS,2590,SIM,watch-s11-preto-jacto-46,,
Apple Watch,Apple Watch S11 42mm,Ouro Rosa,GPS,2449,SIM,watch-s11-ouro-rosa-42,,
Apple Watch,Apple Watch S11 46mm,Ouro Rosa,GPS,2590,SIM,watch-s11-ouro-rosa-46,,
Apple Watch,Apple Watch S11 42mm,Prata,GPS,2449,SIM,watch-s11-prata-42,,
Apple Watch,Apple Watch S11 46mm,Prata,GPS,2590,SIM,watch-s11-prata-46,,
Apple Watch,Apple Watch Ultra 2,Titânio Natural,GPS,4390,SIM,watch-ultra2-titanio-natural,,
Apple Watch,Apple Watch Ultra 2,Titânio Preto,GPS,4390,SIM,watch-ultra2-titanio-preto,,
Apple Watch,Apple Watch Ultra 3,Titânio Natural,GPS,4590,SIM,watch-ultra3-titanio-natural,,
Apple Watch,Apple Watch Ultra 3,Titânio Preto,GPS,4590,SIM,watch-ultra3-titanio-preto,,
AirPods,AirPods 3,Branco,Padrão,850,SIM,airpods-3,,
AirPods,AirPods Pro 2,Branco,Padrão,1350,SIM,airpods-pro-2,,
AirPods,AirPods Pro 3,Branco,Padrão,1650,SIM,airpods-pro-3,,
AirPods,AirPods 4,Branco,Padrão,870,SIM,airpods-4,,
AirPods,AirPods 4 ANC,Branco,Padrão,1150,SIM,airpods-4-anc,,
MacBook,Mac mini M2,Prateado,8GB / 256GB,3690,SIM,mac-mini-m2,,
MacBook,Mac mini M2,Prateado,8GB / 512GB,4390,SIM,mac-mini-m2,,
MacBook,MacBook Neo,Rosa,8GB / 256GB,4990,SIM,macbook-neo-rosa,,
MacBook,MacBook Neo,Rosa,8GB / 512GB,5890,SIM,macbook-neo-rosa,,
MacBook,MacBook Neo,Prata,8GB / 256GB,4990,SIM,macbook-neo-prata,,
MacBook,MacBook Neo,Prata,8GB / 512GB,5890,SIM,macbook-neo-prata,,
MacBook,MacBook Neo,Azul,8GB / 256GB,4990,SIM,macbook-neo-azul,,
MacBook,MacBook Neo,Azul,8GB / 512GB,5890,SIM,macbook-neo-azul,,
MacBook,"MacBook Air M1 13""",Dourado,8GB / 256GB,5990,SIM,macbook-air-m1-13,,
MacBook,"MacBook Air M2 13""",Meia-noite,8GB / 256GB,5990,SIM,macbook-air-m2-13-meia-noite,,
MacBook,"MacBook Air M2 13""",Meia-noite,16GB / 256GB,6190,SIM,macbook-air-m2-13-meia-noite,,
MacBook,"MacBook Air M2 13""",Starlight,8GB / 256GB,5990,SIM,macbook-air-m2-13-starlight,,
MacBook,"MacBook Air M2 13""",Starlight,16GB / 256GB,6190,SIM,macbook-air-m2-13-starlight,,
MacBook,"MacBook Air M2 13""",Prata,8GB / 256GB,5990,SIM,macbook-air-m2-13-prata,,
MacBook,"MacBook Air M2 13""",Prata,16GB / 256GB,6190,SIM,macbook-air-m2-13-prata,,
MacBook,"MacBook Air M2 13""",Cinza-espacial,8GB / 256GB,5990,SIM,macbook-air-m2-13-cinza-espacial,,
MacBook,"MacBook Air M2 13""",Cinza-espacial,16GB / 256GB,6190,SIM,macbook-air-m2-13-cinza-espacial,,
MacBook,"MacBook Air M3 13""",Meia-noite,16GB / 256GB,6690,SIM,macbook-air-m3-13-meia-noite,,
MacBook,"MacBook Air M3 13""",Meia-noite,8GB / 512GB,6490,SIM,macbook-air-m3-13-meia-noite,,
MacBook,"MacBook Air M3 13""",Starlight,16GB / 256GB,6690,SIM,macbook-air-m3-13-starlight,,
MacBook,"MacBook Air M3 13""",Starlight,8GB / 512GB,6490,SIM,macbook-air-m3-13-starlight,,
MacBook,"MacBook Air M3 13""",Prata,16GB / 256GB,6690,SIM,macbook-air-m3-13-prata,,
MacBook,"MacBook Air M3 13""",Prata,8GB / 512GB,6490,SIM,macbook-air-m3-13-prata,,
MacBook,"MacBook Air M3 13""",Cinza-espacial,16GB / 256GB,6690,SIM,macbook-air-m3-13-cinza-espacial,,
MacBook,"MacBook Air M3 13""",Cinza-espacial,8GB / 512GB,6490,SIM,macbook-air-m3-13-cinza-espacial,,
MacBook,"MacBook Air M3 15""",Meia-noite,8GB / 256GB,7390,SIM,macbook-air-m3-15-meia-noite,,
MacBook,"MacBook Air M3 15""",Meia-noite,8GB / 512GB,7490,SIM,macbook-air-m3-15-meia-noite,,
MacBook,"MacBook Air M3 15""",Meia-noite,16GB / 512GB,7990,SIM,macbook-air-m3-15-meia-noite,,
MacBook,"MacBook Air M3 15""",Starlight,8GB / 256GB,7390,SIM,macbook-air-m3-15-starlight,,
MacBook,"MacBook Air M3 15""",Starlight,8GB / 512GB,7490,SIM,macbook-air-m3-15-starlight,,
MacBook,"MacBook Air M3 15""",Starlight,16GB / 512GB,7990,SIM,macbook-air-m3-15-starlight,,
MacBook,"MacBook Air M3 15""",Prata,8GB / 256GB,7390,SIM,macbook-air-m3-15-prata,,
MacBook,"MacBook Air M3 15""",Prata,8GB / 512GB,7490,SIM,macbook-air-m3-15-prata,,
MacBook,"MacBook Air M3 15""",Prata,16GB / 512GB,7990,SIM,macbook-air-m3-15-prata,,
MacBook,"MacBook Air M3 15""",Cinza-espacial,8GB / 256GB,7390,SIM,macbook-air-m3-15-cinza-espacial,,
MacBook,"MacBook Air M3 15""",Cinza-espacial,8GB / 512GB,7490,SIM,macbook-air-m3-15-cinza-espacial,,
MacBook,"MacBook Air M3 15""",Cinza-espacial,16GB / 512GB,7990,SIM,macbook-air-m3-15-cinza-espacial,,
MacBook,"MacBook Air M4 13""",Meia-noite,16GB / 256GB,7190,SIM,macbook-air-m4-13-meia-noite,,
MacBook,"MacBook Air M4 13""",Meia-noite,16GB / 512GB,7590,SIM,macbook-air-m4-13-meia-noite,,
MacBook,"MacBook Air M4 13""",Meia-noite,24GB / 512GB,9890,SIM,macbook-air-m4-13-meia-noite,,
MacBook,"MacBook Air M4 13""",Starlight,16GB / 256GB,7190,SIM,macbook-air-m4-13-starlight,,
MacBook,"MacBook Air M4 13""",Starlight,16GB / 512GB,7590,SIM,macbook-air-m4-13-starlight,,
MacBook,"MacBook Air M4 13""",Starlight,24GB / 512GB,9890,SIM,macbook-air-m4-13-starlight,,
MacBook,"MacBook Air M4 13""",Prata,16GB / 256GB,7190,SIM,macbook-air-m4-13-prata,,
MacBook,"MacBook Air M4 13""",Prata,16GB / 512GB,7590,SIM,macbook-air-m4-13-prata,,
MacBook,"MacBook Air M4 13""",Prata,24GB / 512GB,9890,SIM,macbook-air-m4-13-prata,,
MacBook,"MacBook Air M4 15""",Meia-noite,16GB / 256GB,7890,SIM,macbook-air-m4-15-meia-noite,,
MacBook,"MacBook Air M4 15""",Meia-noite,16GB / 512GB,9190,SIM,macbook-air-m4-15-meia-noite,,
MacBook,"MacBook Air M4 15""",Meia-noite,24GB / 512GB,10390,SIM,macbook-air-m4-15-meia-noite,,
MacBook,"MacBook Air M4 15""",Starlight,16GB / 256GB,7890,SIM,macbook-air-m4-15-starlight,,
MacBook,"MacBook Air M4 15""",Starlight,16GB / 512GB,9190,SIM,macbook-air-m4-15-starlight,,
MacBook,"MacBook Air M4 15""",Starlight,24GB / 512GB,10390,SIM,macbook-air-m4-15-starlight,,
MacBook,"MacBook Air M4 15""",Prata,16GB / 256GB,7890,SIM,macbook-air-m4-15-prata,,
MacBook,"MacBook Air M4 15""",Prata,16GB / 512GB,9190,SIM,macbook-air-m4-15-prata,,
MacBook,"MacBook Air M4 15""",Prata,24GB / 512GB,10390,SIM,macbook-air-m4-15-prata,,
MacBook,"MacBook Air M5 13""",Meia-noite,16GB / 512GB,8490,SIM,macbook-air-m5-13-meia-noite,,
MacBook,"MacBook Air M5 13""",Meia-noite,24GB / 1TB,12890,SIM,macbook-air-m5-13-meia-noite,,
MacBook,"MacBook Air M5 13""",Starlight,16GB / 512GB,8490,SIM,macbook-air-m5-13-starlight,,
MacBook,"MacBook Air M5 13""",Starlight,24GB / 1TB,12890,SIM,macbook-air-m5-13-starlight,,
MacBook,"MacBook Air M5 13""",Prata,16GB / 512GB,8490,SIM,macbook-air-m5-13-prata,,
MacBook,"MacBook Air M5 13""",Prata,24GB / 1TB,12890,SIM,macbook-air-m5-13-prata,,
MacBook,"MacBook Air M5 15""",Meia-noite,16GB / 512GB,9790,SIM,macbook-air-m5-15-meia-noite,,
MacBook,"MacBook Air M5 15""",Meia-noite,16GB / 1TB,11790,SIM,macbook-air-m5-15-meia-noite,,
MacBook,"MacBook Air M5 15""",Meia-noite,24GB / 1TB,13690,SIM,macbook-air-m5-15-meia-noite,,
MacBook,"MacBook Air M5 15""",Starlight,16GB / 512GB,9790,SIM,macbook-air-m5-15-starlight,,
MacBook,"MacBook Air M5 15""",Starlight,16GB / 1TB,11790,SIM,macbook-air-m5-15-starlight,,
MacBook,"MacBook Air M5 15""",Starlight,24GB / 1TB,13690,SIM,macbook-air-m5-15-starlight,,
MacBook,"MacBook Air M5 15""",Prata,16GB / 512GB,9790,SIM,macbook-air-m5-15-prata,,
MacBook,"MacBook Air M5 15""",Prata,16GB / 1TB,11790,SIM,macbook-air-m5-15-prata,,
MacBook,"MacBook Air M5 15""",Prata,24GB / 1TB,13690,SIM,macbook-air-m5-15-prata,,
MacBook,"MacBook Pro M4 M4 14""",Preto Espacial,16GB / 512GB,10490,SIM,macbook-pro-m4-m4-14-pretoespacial,,
MacBook,"MacBook Pro M4 M4 14""",Preto Espacial,16GB / 1TB,11000,SIM,macbook-pro-m4-m4-14-pretoespacial,,
MacBook,"MacBook Pro M4 M4 14""",Preto Espacial,24GB / 512GB,13000,SIM,macbook-pro-m4-m4-14-pretoespacial,,
MacBook,"MacBook Pro M4 M4 14""",Preto Espacial,24GB / 1TB,15600,SIM,macbook-pro-m4-m4-14-pretoespacial,,
MacBook,"MacBook Pro M4 M4 14""",Prata,16GB / 512GB,10490,SIM,macbook-pro-m4-m4-14-prata,,
MacBook,"MacBook Pro M4 M4 14""",Prata,16GB / 1TB,11000,SIM,macbook-pro-m4-m4-14-prata,,
MacBook,"MacBook Pro M4 M4 14""",Prata,24GB / 512GB,13000,SIM,macbook-pro-m4-m4-14-prata,,
MacBook,"MacBook Pro M4 M4 14""",Prata,24GB / 1TB,15600,SIM,macbook-pro-m4-m4-14-prata,,
MacBook,"MacBook Pro M4 M4 16""",Preto Espacial,24GB / 512GB,16999.99,SIM,macbook-pro-m4-m4-16-pretoespacial,,
MacBook,"MacBook Pro M4 M4 16""",Preto Espacial,48GB / 512GB,21000,SIM,macbook-pro-m4-m4-16-pretoespacial,,
MacBook,"MacBook Pro M4 M4 16""",Prata,24GB / 512GB,16999.99,SIM,macbook-pro-m4-m4-16-prata,,
MacBook,"MacBook Pro M4 M4 16""",Prata,48GB / 512GB,21000,SIM,macbook-pro-m4-m4-16-prata,,
MacBook,"MacBook Pro M4 M4 Pro 14""",Preto Espacial,24GB / 512GB,13500,SIM,macbook-pro-m4-m4pro-14-pretoespacial,,
MacBook,"MacBook Pro M4 M4 Pro 14""",Preto Espacial,24GB / 1TB,15500,SIM,macbook-pro-m4-m4pro-14-pretoespacial,,
MacBook,"MacBook Pro M4 M4 Pro 14""",Preto Espacial,48GB / 512GB,22000,SIM,macbook-pro-m4-m4pro-14-pretoespacial,,
MacBook,"MacBook Pro M4 M4 Pro 14""",Prata,24GB / 512GB,13500,SIM,macbook-pro-m4-m4pro-14-prata,,
MacBook,"MacBook Pro M4 M4 Pro 14""",Prata,24GB / 1TB,15500,SIM,macbook-pro-m4-m4pro-14-prata,,
MacBook,"MacBook Pro M4 M4 Pro 14""",Prata,48GB / 512GB,22000,SIM,macbook-pro-m4-m4pro-14-prata,,
MacBook,"MacBook Pro M4 M4 Pro 16""",Preto Espacial,24GB / 512GB,17500,SIM,macbook-pro-m4-m4pro-16-pretoespacial,,
MacBook,"MacBook Pro M4 M4 Pro 16""",Preto Espacial,48GB / 512GB,21000,SIM,macbook-pro-m4-m4pro-16-pretoespacial,,
MacBook,"MacBook Pro M4 M4 Pro 16""",Prata,24GB / 512GB,17500,SIM,macbook-pro-m4-m4pro-16-prata,,
MacBook,"MacBook Pro M4 M4 Pro 16""",Prata,48GB / 512GB,21000,SIM,macbook-pro-m4-m4pro-16-prata,,
MacBook,"MacBook Pro M4 M4 Max 14""",Preto Espacial,36GB / 1TB,23900,SIM,macbook-pro-m4-m4max-14-pretoespacial,,
MacBook,"MacBook Pro M4 M4 Max 14""",Prata,36GB / 1TB,23900,SIM,macbook-pro-m4-m4max-14-prata,,
MacBook,"MacBook Pro M4 M4 Max 16""",Preto Espacial,36GB / 1TB,26000,SIM,macbook-pro-m4-m4max-16-pretoespacial,,
MacBook,"MacBook Pro M4 M4 Max 16""",Preto Espacial,48GB / 1TB,29000,SIM,macbook-pro-m4-m4max-16-pretoespacial,,
MacBook,"MacBook Pro M4 M4 Max 16""",Prata,36GB / 1TB,26000,SIM,macbook-pro-m4-m4max-16-prata,,
MacBook,"MacBook Pro M4 M4 Max 16""",Prata,48GB / 1TB,29000,SIM,macbook-pro-m4-m4max-16-prata,,
MacBook,"MacBook Pro M5 M5 14""",Preto Espacial,16GB / 512GB,11990,SIM,macbook-pro-m5-m5-14-pretoespacial,,
MacBook,"MacBook Pro M5 M5 14""",Preto Espacial,16GB / 1TB,12790,SIM,macbook-pro-m5-m5-14-pretoespacial,,
MacBook,"MacBook Pro M5 M5 14""",Preto Espacial,24GB / 1TB,14690,SIM,macbook-pro-m5-m5-14-pretoespacial,,
MacBook,"MacBook Pro M5 M5 14""",Preto Espacial,32GB / 1TB,18890,SIM,macbook-pro-m5-m5-14-pretoespacial,,
MacBook,"MacBook Pro M5 M5 14""",Preto Espacial,48GB / 1TB,26790,SIM,macbook-pro-m5-m5-14-pretoespacial,,
MacBook,"MacBook Pro M5 M5 14""",Prata,16GB / 512GB,11990,SIM,macbook-pro-m5-m5-14-prata,,
MacBook,"MacBook Pro M5 M5 14""",Prata,16GB / 1TB,12790,SIM,macbook-pro-m5-m5-14-prata,,
MacBook,"MacBook Pro M5 M5 14""",Prata,24GB / 1TB,14690,SIM,macbook-pro-m5-m5-14-prata,,
MacBook,"MacBook Pro M5 M5 14""",Prata,32GB / 1TB,18890,SIM,macbook-pro-m5-m5-14-prata,,
MacBook,"MacBook Pro M5 M5 14""",Prata,48GB / 1TB,26790,SIM,macbook-pro-m5-m5-14-prata,,
MacBook,"MacBook Pro M5 M5 16""",Preto Espacial,24GB / 1TB,19590,SIM,macbook-pro-m5-m5-16-pretoespacial,,
MacBook,"MacBook Pro M5 M5 16""",Preto Espacial,32GB / 1TB,18890,SIM,macbook-pro-m5-m5-16-pretoespacial,,
MacBook,"MacBook Pro M5 M5 16""",Preto Espacial,36GB / 2TB,29990,SIM,macbook-pro-m5-m5-16-pretoespacial,,
MacBook,"MacBook Pro M5 M5 16""",Prata,24GB / 1TB,19590,SIM,macbook-pro-m5-m5-16-prata,,
MacBook,"MacBook Pro M5 M5 16""",Prata,32GB / 1TB,18890,SIM,macbook-pro-m5-m5-16-prata,,
MacBook,"MacBook Pro M5 M5 16""",Prata,36GB / 2TB,29990,SIM,macbook-pro-m5-m5-16-prata,,
MacBook,"MacBook Pro M5 M5 Pro 14""",Preto Espacial,24GB / 1TB,16490,SIM,macbook-pro-m5-m5pro-14-pretoespacial,,
MacBook,"MacBook Pro M5 M5 Pro 14""",Preto Espacial,24GB / 2TB,18490,SIM,macbook-pro-m5-m5pro-14-pretoespacial,,
MacBook,"MacBook Pro M5 M5 Pro 14""",Prata,24GB / 1TB,16490,SIM,macbook-pro-m5-m5pro-14-prata,,
MacBook,"MacBook Pro M5 M5 Pro 14""",Prata,24GB / 2TB,18490,SIM,macbook-pro-m5-m5pro-14-prata,,
MacBook,"MacBook Pro M5 M5 Pro 16""",Preto Espacial,24GB / 1TB,19500,SIM,macbook-pro-m5-m5pro-16-pretoespacial,,
MacBook,"MacBook Pro M5 M5 Pro 16""",Preto Espacial,48GB / 1TB,26990,SIM,macbook-pro-m5-m5pro-16-pretoespacial,,
MacBook,"MacBook Pro M5 M5 Pro 16""",Preto Espacial,36GB / 2TB,29490,SIM,macbook-pro-m5-m5pro-16-pretoespacial,,
MacBook,"MacBook Pro M5 M5 Pro 16""",Prata,24GB / 1TB,19500,SIM,macbook-pro-m5-m5pro-16-prata,,
MacBook,"MacBook Pro M5 M5 Pro 16""",Prata,48GB / 1TB,26990,SIM,macbook-pro-m5-m5pro-16-prata,,
MacBook,"MacBook Pro M5 M5 Pro 16""",Prata,36GB / 2TB,29490,SIM,macbook-pro-m5-m5pro-16-prata,,
MacBook,"MacBook Pro M5 M5 Max 14""",Preto Espacial,36GB / 2TB,27990,SIM,macbook-pro-m5-m5max-14-pretoespacial,,
MacBook,"MacBook Pro M5 M5 Max 14""",Prata,36GB / 2TB,27990,SIM,macbook-pro-m5-m5max-14-prata,,
MacBook,"MacBook Pro M5 M5 Max 16""",Preto Espacial,36GB / 2TB,28990,SIM,macbook-pro-m5-m5max-16-pretoespacial,,
MacBook,"MacBook Pro M5 M5 Max 16""",Preto Espacial,48GB / 2TB,32990,SIM,macbook-pro-m5-m5max-16-pretoespacial,,
MacBook,"MacBook Pro M5 M5 Max 16""",Prata,36GB / 2TB,28990,SIM,macbook-pro-m5-m5max-16-prata,,
MacBook,"MacBook Pro M5 M5 Max 16""",Prata,48GB / 2TB,32990,SIM,macbook-pro-m5-m5max-16-prata,,
MacBook,"MacBook Air M1 13""",Cinza-espacial,8GB / 256GB,5990,SIM,macbook-air-m1-13-cinzaespacial,,
MacBook,"MacBook Air M1 13""",Prata,8GB / 256GB,5990,SIM,macbook-air-m1-13-prata,,
MacBook,"MacBook Air M4 13""",Sky Blue,16GB / 256GB,7190,SIM,macbook-air-m4-13-skyblue,,
MacBook,"MacBook Air M4 13""",Sky Blue,16GB / 512GB,7590,SIM,macbook-air-m4-13-skyblue,,
MacBook,"MacBook Air M4 13""",Sky Blue,24GB / 512GB,9890,SIM,macbook-air-m4-13-skyblue,,
MacBook,"MacBook Air M4 15""",Sky Blue,16GB / 256GB,7890,SIM,macbook-air-m4-15-skyblue,,
MacBook,"MacBook Air M4 15""",Sky Blue,16GB / 512GB,9190,SIM,macbook-air-m4-15-skyblue,,
MacBook,"MacBook Air M4 15""",Sky Blue,24GB / 512GB,10390,SIM,macbook-air-m4-15-skyblue,,
MacBook,"MacBook Air M5 13""",Sky Blue,16GB / 512GB,8490,SIM,macbook-air-m5-13-skyblue,,
MacBook,"MacBook Air M5 13""",Sky Blue,24GB / 1TB,12890,SIM,macbook-air-m5-13-skyblue,,
MacBook,"MacBook Air M5 15""",Sky Blue,16GB / 512GB,9790,SIM,macbook-air-m5-15-skyblue,,
MacBook,"MacBook Air M5 15""",Sky Blue,16GB / 1TB,11790,SIM,macbook-air-m5-15-skyblue,,
MacBook,"MacBook Air M5 15""",Sky Blue,24GB / 1TB,13690,SIM,macbook-air-m5-15-skyblue,,